company_id,nombre,lifecycle_actual,accion,deals
14904141835,Transelec,1151001700,→ Nurturing No Contact,Closed Lost
9827174014,Melon S.A.,1151001700,→ Nurturing No Contact,Closed Lost
17823517748,Melón,1151001700,→ Nurturing No Contact,Closed Lost | Closed Lost
17508864266,Collahuasi,50005795,→ Nurturing No Contact,Closed Lost | 1035269638
15981233249,Gama Mobility,1151001700,→ Nurturing No Contact,Closed Lost
9017257246,Cardda,1151001700,→ Nurturing No Contact,Closed Lost
9166233424,Ameris,1151001700,→ Nurturing No Contact,Closed Lost | Closed Lost
31121826153,Bañados,1151001700,→ Nurturing No Contact,Closed Lost
31124668600,Grupo Bañados,1151001700,→ Nurturing No Contact,Closed Lost
17823212059,Indama Ltda,1151001700,→ Nurturing No Contact,Closed Lost
9826729770,Grupo Saesa,1151001700,→ Nurturing No Contact,Closed Lost | No Calificado | Closed Lost
9827204900,Iconstruye,1151001700,→ Nurturing No Contact,Closed Lost
19633951828,Loginsa,1151001700,→ Nurturing No Contact,Closed Lost
21542021890,Servipag,1151001700,→ Nurturing No Contact,Closed Lost
16794409071,Movistar Arena,1151001700,→ Nurturing No Contact,Closed Lost | Closed Lost
30626679552,UAI,1151001700,→ Nurturing No Contact,Closed Lost
9166240045,Metriks,1151001700,→ Nurturing No Contact,Closed Lost
9826815647,Prosegur,1151001700,→ Nurturing No Contact,Closed Lost | Closed Lost
30255677191,Orionx.com,1151001700,→ Nurturing No Contact,Closed Lost
32135438358,Copreser,1151001700,→ Nurturing No Contact,Closed Lost
9915924261,Monnet Payment Solutions,1151001700,→ Nurturing No Contact,Closed Lost
10405312803,Simpli Latam,50005795,→ Nurturing No Contact,Closed Lost | 233748848
18182891110,WebCarga SpA,1151001700,→ Nurturing No Contact,Closed Lost
9826729751,Galilea S.A.,1151001700,→ Nurturing No Contact,Closed Lost
22485881738,Grupo Sendero,1151001700,→ Nurturing No Contact,Closed Lost
20135173013,Ecopreneur ,1151001700,→ Nurturing No Contact,Closed Lost
10870072913,Independencia S.A,1151001700,→ Nurturing No Contact,Closed Lost
22289304969,molymetnos.cl,1151001700,→ Nurturing No Contact,Closed Lost | Closed Lost
22206482604,Clínica Somno,1151001700,→ Nurturing No Contact,Closed Lost
12124741471,Everest Re Group,1151001700,→ Nurturing No Contact,Closed Lost
18193487125,INDEMIN SpA,1151001700,→ Nurturing No Contact,No Calificado
9827197322,AFP PlanVital,1151001700,→ Nurturing No Contact,Closed Lost | Closed Lost
31113723797,Empresas Nalac ,1151001700,→ Nurturing No Contact,Closed Lost
17509631493,Antofagasta Minerals,1151001700,→ Nurturing No Contact,Closed Lost
17509337625,Cimenta,1151001700,→ Nurturing No Contact,Closed Lost | Closed Lost
19930490691,hubds.cl,1151001700,→ Nurturing No Contact,Closed Lost
35923670027,DIMENSION S.A.,1151001700,→ Nurturing No Contact,Closed Lost
21545397160,Previred,1151001700,→ Nurturing No Contact,No Calificado
9035054729,JetSMART,1151001700,→ Nurturing No Contact,Closed Lost | Closed Lost | Closed Lost
26222675991,Verallia Chile,1151001700,→ Nurturing No Contact,Closed Lost
9142670243,Levannta,1151001700,→ Nurturing No Contact,Closed Lost
19541483554,Clínica Pasteur,1151001700,→ Nurturing No Contact,Closed Lost
20200274474,Empresas DBS,1151001700,→ Nurturing No Contact,Closed Lost
45888380569,FACM,1151001700,→ Nurturing No Contact,Closed Lost
20825240880,Atlas Renewable Energy,1151001700,→ Nurturing No Contact,No Calificado
8941208994,Caja Los Andes,50005795,→ Nurturing No Contact,233748848 | Closed Lost | Closed Lost | Closed Lost | Closed Lost | 233748848 | 233748848
9826919299,Empresas Bailac,1151001700,→ Nurturing No Contact,Closed Lost
51762775989,Hortifrut Chile ,1151001700,→ Nurturing No Contact,Closed Lost | Closed Lost | Closed Lost | Closed Lost | Closed Lost
22008889218,Isapre Consalud,1151001700,→ Nurturing No Contact,Closed Lost
20201542674,Anfp Chile,1151001700,→ Nurturing No Contact,Closed Lost
19273680492,Provaltec - Válvulas Técnicas- Filtros Purificadores de Agua,1151001700,→ Nurturing No Contact,Closed Lost | Closed Lost
18841151648,G&N Brands,1151001700,→ Nurturing No Contact,Closed Lost
9826921756,Marsol,1151001700,→ Nurturing No Contact,Closed Lost
22072080168,Astaldi,1151001700,→ Nurturing No Contact,Closed Lost
18075114330,Sierra Gorda SCM,1151001700,→ Nurturing No Contact,Closed Lost | Closed Lost
20784187037,Mainstream Renewable Power,1151001700,→ Nurturing No Contact,Closed Lost | Closed Lost | No Calificado
19583913089,Silentium,1151001700,→ Nurturing No Contact,Closed Lost | Closed Lost
18979678301,Stellantis,1151001700,→ Nurturing No Contact,Closed Lost | Closed Lost
19034615648,Stellantis,1151001700,→ Nurturing No Contact,Closed Lost
18128473425,Linde High Lift Chile S.A.,1151001700,→ Nurturing No Contact,Closed Lost
47670530888,RaidoIT,1151001700,→ Nurturing No Contact,Closed Lost
9480263209,Itaú,1151001700,→ Nurturing No Contact,Closed Lost | Closed Lost | Closed Lost | Closed Lost | Closed Lost | Closed Lost
20135169861,Financoop,1151001700,→ Nurturing No Contact,Closed Lost
9827258151,Scania Group,1151001700,→ Nurturing No Contact,Closed Lost
9761163187,Parque Arauco,1151001700,→ Nurturing No Contact,Closed Lost | Closed Lost | Closed Lost | Closed Lost
9166302017,INTERFACTOR S.A.,1151001700,→ Nurturing No Contact,Closed Lost | Closed Lost | Closed Lost
8941209738,Cordada,50005795,→ Nurturing No Contact,233748848 | Closed Lost
22086648415,BTG Pactual Chile,1151001700,→ Nurturing No Contact,Closed Lost
19527653968,Aguas Antofagasta,1151001700,→ Nurturing No Contact,Closed Lost | Closed Lost
19633884503,Bupa Chile,1151001700,→ Nurturing No Contact,Closed Lost | Closed Lost
8940058951,Eurocapital S.A.,1151001700,→ Nurturing No Contact,Closed Lost | Closed Lost
9873669950,wherEX,1151001700,→ Nurturing No Contact,Closed Lost | Closed Lost | Closed Lost
18992712083,Starco|Demarco,1151001700,→ Nurturing No Contact,Closed Lost
28913174653,ICAFAL-LANCUYEN,1151001700,→ Nurturing No Contact,Closed Lost
20433304084,Santa Marta,1151001700,→ Nurturing No Contact,Closed Lost
20099402338,Getlenk,1151001700,→ Nurturing No Contact,Closed Lost
19068553876,Nexxo S.A.,1151001700,→ Nurturing No Contact,Closed Lost
20201700698,GEOM SpA,1151001700,→ Nurturing No Contact,Closed Lost | Closed Lost | No Calificado
20135186811,Unibag Corp,1151001700,→ Nurturing No Contact,Closed Lost
9508843101,FEMSA,1151001700,→ Nurturing No Contact,Closed Lost
46660471587,CYG LIMITED,1151001700,→ Nurturing No Contact,Closed Lost
9827243348,Laboratorios Garden House,1151001700,→ Nurturing No Contact,No Calificado
9826756469,Cencosud,50005795,→ Nurturing No Contact,233748848 | Closed Lost | Closed Lost | Closed Lost
9826921757,Marval,1151001700,→ Nurturing No Contact,No Calificado
29001842960,Red Odontológica SmartDent,1151001700,→ Nurturing No Contact,Closed Lost
22162588777,Mandarin Oriental,1151001700,→ Nurturing No Contact,Closed Lost
15146602590,Empresas Lipigas,1151001700,→ Nurturing No Contact,Closed Lost | Closed Lost | Closed Lost | Closed Lost | Closed Lost
15521708210,ASINFAC,1151001700,→ Nurturing No Contact,Closed Lost
27970824206,Inacap Mail,1151001700,→ Nurturing No Contact,Closed Lost
17051733313,Banco Falabella,1151001700,→ Nurturing No Contact,Closed Lost | No Calificado
18997734024,"San Camilo, Panadería y Pastelería",1151001700,→ Nurturing No Contact,Closed Lost
31134302335,Oben Group,1151001700,→ Nurturing No Contact,Closed Lost
17254132134,Anfruns Motors,1151001700,→ Nurturing No Contact,Closed Lost
20467996716,Acenor ,1151001700,→ Nurturing No Contact,Closed Lost
9166296444,Lomo,1151001700,→ Nurturing No Contact,Closed Lost
19603922206,AB ARRIENDOS S.A.,1151001700,→ Nurturing No Contact,Closed Lost
9827122255,PESCO,1151001700,→ Nurturing No Contact,Closed Lost | Closed Lost
9826928710,Bruno Fritsch,1151001700,→ Nurturing No Contact,Closed Lost | Closed Lost
9826923832,ZOFRI S.A,1151001700,→ Nurturing No Contact,Closed Lost
9827080539,Cabify,1151001700,→ Nurturing No Contact,Closed Lost
22982510449,,1151001700,→ Nurturing No Contact,No Calificado | Closed Lost
9826738972,Valle Nevado,1151001700,→ Nurturing No Contact,Closed Lost
9827197354,Ingevec,1151001700,→ Nurturing No Contact,Closed Lost | Closed Lost
31902720027,Ecovida S.A.,1151001700,→ Nurturing No Contact,Closed Lost
10539443220,Bagoost,1151001700,→ Nurturing No Contact,Closed Lost
9826756443,NovaRed,1151001700,→ Nurturing No Contact,Closed Lost
8940361890,Mercadolibre Inc,1151001700,→ Nurturing No Contact,Closed Lost | Closed Lost | Closed Lost
17955948343,KDM Empresas,1151001700,→ Nurturing No Contact,Closed Lost
9508903263,R2,1151001700,→ Nurturing No Contact,Closed Lost
9516720645,R2,1151001700,→ Nurturing No Contact,Closed Lost
16689233189,Autokas,1151001700,→ Nurturing No Contact,Closed Lost
22092025088,AFEX Agencia de Valores,1151001700,→ Nurturing No Contact,No Calificado
19025417577,Unifood Restaurant Group,1151001700,→ Nurturing No Contact,Closed Lost
9826921783,FC-ECom,1151001700,→ Nurturing No Contact,Closed Lost
9826928729,FOSFOQUIM,1151001700,→ Nurturing No Contact,No Calificado
9826667812,Veterquimica,1151001700,→ Nurturing No Contact,Closed Lost | Closed Lost
18408973073,nutrisco.cl,1151001700,→ Nurturing No Contact,Closed Lost
18726990186,PRECISION,1151001700,→ Nurturing No Contact,Closed Lost | Closed Lost
29934718377,Factoring Ahumada,1151001700,→ Nurturing No Contact,Closed Lost
29860984122,Grupo Tawa,1151001700,→ Nurturing No Contact,No Calificado
17598403924,Grupo EFE,1151001700,→ Nurturing No Contact,Closed Lost | Closed Lost | Closed Lost
9165725705,Global66,1151001700,→ Nurturing No Contact,Closed Lost
15970924467,Marubeni Leasing,1151001700,→ Nurturing No Contact,Closed Lost
16751453590,Kaufmann Chile,1151001700,→ Nurturing No Contact,Closed Lost | Closed Lost
29694236769,Retorna,1151001700,→ Nurturing No Contact,Closed Lost
34738380098,UPAGO,1151001700,→ Nurturing No Contact,Closed Lost
20201563197,Interside Holding,1151001700,→ Nurturing No Contact,Closed Lost
18841279874,Industria de Alimentos Trendy S.A,1151001700,→ Nurturing No Contact,Closed Lost
9034351536,AgendaPro,1151001700,→ Nurturing No Contact,Closed Lost
9826713418,Compañia Mantos de la Luna,1151001700,→ Nurturing No Contact,Closed Lost | Closed Lost
32143772786,cydingenieria.com,1151001700,→ Nurturing No Contact,Closed Lost | No Calificado
31265882413,Transdev Chile,1151001700,→ Nurturing No Contact,Closed Lost
18019010605,Nexcar Renting,1151001700,→ Nurturing No Contact,Closed Lost
10593466709,Circle,1151001700,→ Nurturing No Contact,Closed Lost
9826957674,Seguros SURA Chile,1151001700,→ Nurturing No Contact,Closed Lost
20719245134,Nuam,1151001700,→ Nurturing No Contact,Closed Lost | Closed Lost
20865755445,constructora-fg.cl,1151001700,→ Nurturing No Contact,Closed Lost | Closed Lost
10667760148,Giraffos,1151001700,→ Nurturing No Contact,Closed Lost
23825061690,Alemana Seguros S.A.,1151001700,→ Nurturing No Contact,Closed Lost
22377396001,Energía Río Claro S.A.,1151001700,→ Nurturing No Contact,Closed Lost
16794956383,Automotriz Salfa Sur,1151001700,→ Nurturing No Contact,Closed Lost
10604996017,Sellfactoring,1151001700,→ Nurturing No Contact,Closed Lost
9430508661,Tech-K,1151001700,→ Nurturing No Contact,Closed Lost
21648478748,Lundin Mining,50005795,→ Nurturing No Contact,Closed Lost | 233748848
10168032677,Empresas AquaChile,1151001700,→ Nurturing No Contact,Closed Lost | Closed Lost | Closed Lost | Closed Lost
26614243967,Pascom Chile,1151001700,→ Nurturing No Contact,Closed Lost
31264772898,Konecranes,1151001700,→ Nurturing No Contact,Closed Lost
9166290003,Mittarentacar,50005795,→ Nurturing No Contact,Closed Lost | 1035269638 | Closed Lost
19074218935,Manuka S.A.,1151001700,→ Nurturing No Contact,No Calificado
18992630786,Enel,1151001700,→ Nurturing No Contact,Closed Lost | Closed Lost
19634033824,Workmate,1151001700,→ Nurturing No Contact,Closed Lost
20135199820,Integra Chile,1151001700,→ Nurturing No Contact,Closed Lost
30925889616,LESCHACO - Lexzau Scharbau GmbH & Co. KG,1151001700,→ Nurturing No Contact,No Calificado
18394875576,Generadora Metropolitana,1151001700,→ Nurturing No Contact,Closed Lost | Closed Lost
20274337807,Voltera Chile,1151001700,→ Nurturing No Contact,Closed Lost
21835016979,Pontificia Universidad Católica de Valparaíso,1151001700,→ Nurturing No Contact,Closed Lost
18726762349,Quant Service,1151001700,→ Nurturing No Contact,Closed Lost
10272627802,Tottus,1151001700,→ Nurturing No Contact,Closed Lost
29694240602,Actual Inmobiliaria Chile,1151001700,→ Nurturing No Contact,Closed Lost
26508764839,Interop Latinoamérica,1151001700,→ Nurturing No Contact,Closed Lost
17510999323,Multi X,1151001700,→ Nurturing No Contact,Closed Lost | Closed Lost
17511361205,Multi X,1151001700,→ Nurturing No Contact,Closed Lost
19071419146,Stenn International Ltd,1151001700,→ Nurturing No Contact,Closed Lost
19792963964,Shconsorcioaduanal,1151001700,→ Nurturing No Contact,Closed Lost
9827122228,INGENIERIA Y SERVICIOS TECNORED,1151001700,→ Nurturing No Contact,Closed Lost | Closed Lost
18997616454,PF Alimentos,1151001700,→ Nurturing No Contact,Closed Lost
9827197323,Sitrans,1151001700,→ Nurturing No Contact,Closed Lost
30941270159,Confipetrol Oficial,1151001700,→ Nurturing No Contact,Closed Lost
9034645840,Blue Solutions Chile,1151001700,→ Nurturing No Contact,Closed Lost | Closed Lost
15025425720,Cbb,1151001700,→ Nurturing No Contact,Closed Lost
23865091096,Atlas Copco,1151001700,→ Nurturing No Contact,No Calificado
9348584964,Coval Servicios Financieros,1151001700,→ Nurturing No Contact,Closed Lost | Closed Lost | Closed Lost | Closed Lost
9824317698,Empresa Constructora Sigro,1151001700,→ Nurturing No Contact,Closed Lost | Closed Lost
9357790865,Reveniu,1151001700,→ Nurturing No Contact,Closed Lost
9826630523,Grupo Gtd,1151001700,→ Nurturing No Contact,Closed Lost | Closed Lost | 233748848
23865010099,Atomic Kitchens,1151001700,→ Nurturing No Contact,Closed Lost
31915254414,LIMCHILE,1151001700,→ Nurturing No Contact,Closed Lost
17956064649,AMECO,1151001700,→ Nurturing No Contact,Closed Lost
9826756455,Pocuro,1151001700,→ Nurturing No Contact,Closed Lost
9515265041,BancoEstado,1151001700,→ Nurturing No Contact,Closed Lost | Closed Lost | Closed Lost
19728407314,LOGINSA,1151001700,→ Nurturing No Contact,Closed Lost | Closed Lost
17509603678,WOM Chile,1151001700,→ Nurturing No Contact,Closed Lost
17511133243,WOM Chile,1151001700,→ Nurturing No Contact,Closed Lost | Closed Lost
19073720874,TECNASIC S.A.,1151001700,→ Nurturing No Contact,Closed Lost
42326242715,Hitachi Construction Machinery ,1151001700,→ Nurturing No Contact,Closed Lost
21729070359,Universidad Santo Tomás (CL),1151001700,→ Nurturing No Contact,Closed Lost | Closed Lost
20135885924,BioMar Chile,1151001700,→ Nurturing No Contact,Closed Lost
22108450480,Renta 4 Corredores de Bolsa,1151001700,→ Nurturing No Contact,Closed Lost
9401473432,Vector Capital ,1151001700,→ Nurturing No Contact,Closed Lost | Closed Lost | No Calificado
19728348808,Grupo CPT,1151001700,→ Nurturing No Contact,Closed Lost
9827245229,Surfrut,1151001700,→ Nurturing No Contact,Closed Lost
21911542557,Vigfor Ltda,1151001700,→ Nurturing No Contact,No Calificado
38672457033,Inmobiliaria e Inversiones Río Claro S.A.,1151001700,→ Nurturing No Contact,Closed Lost
19069246496,Kitchen Center,1151001700,→ Nurturing No Contact,Closed Lost
33104449965,Pharmatech Chile,1151001700,→ Nurturing No Contact,Closed Lost
34471208992,Check Auditor,1151001700,→ Nurturing No Contact,No Calificado
29469705857,Lorenzo di Pontti,1151001700,→ Nurturing No Contact,Closed Lost
36994390704,GMW SPA,1151001700,→ Nurturing No Contact,No Calificado
9036337772,Grupo Antofagasta Minerals,1151001700,→ Nurturing No Contact,Closed Lost
9011802737,Nowports,1151001700,→ Nurturing No Contact,Closed Lost
22332918147,efizity,1151001700,→ Nurturing No Contact,Closed Lost
18385752496,Aki KB Minibodegas,1151001700,→ Nurturing No Contact,Closed Lost
45335675758,IDR Consultora,1151001700,→ Nurturing No Contact,Closed Lost
19633481502,Fastpack,1151001700,→ Nurturing No Contact,No Calificado | Closed Lost
20174733474,afscorp.cl,1151001700,→ Nurturing No Contact,Closed Lost
9827165503,LAN Airlines,1151001700,→ Nurturing No Contact,Closed Lost
21872712834,AEROSAN Airport Services,1151001700,→ Nurturing No Contact,Closed Lost
18839965365,spl.cl,1151001700,→ Nurturing No Contact,Closed Lost
21842158475,HealthAtom - Dentalink - Medilink,1151001700,→ Nurturing No Contact,Closed Lost | Closed Lost
16980453793,Banco BICE,50005795,→ Nurturing No Contact,Closed Lost | Closed Lost | Closed Lost | 1035269638 | Closed Lost
15972805126,Bolsa de Productos,1151001700,→ Nurturing No Contact,Closed Lost
14928694153,Besalco,1151001700,→ Nurturing No Contact,Closed Lost | Closed Lost
18839984384,Australis Seafoods,1151001700,→ Nurturing No Contact,Closed Lost
9826667803,Colbún,1151001700,→ Nurturing No Contact,Closed Lost | Closed Lost | No Calificado
31275337810,Marimaca Copper,1151001700,→ Nurturing No Contact,Closed Lost
19682616481,Hospitalia Productos Médicos Spa,1151001700,→ Nurturing No Contact,Closed Lost
36779634965,Redinter,1151001700,→ Nurturing No Contact,Closed Lost
9028951414,SoyFocus,1151001700,→ Nurturing No Contact,Closed Lost
21471750011,Collico,1151001700,→ Nurturing No Contact,Closed Lost
20272979551,ancali.cl,1151001700,→ Nurturing No Contact,Closed Lost
20274282821,agricola ancali limitada,1151001700,→ Nurturing No Contact,Closed Lost
31709206662,BEUMER Group,1151001700,→ Nurturing No Contact,Closed Lost
21044730125,Andes Solar,1151001700,→ Nurturing No Contact,Closed Lost
11578543440,Eternity Chile,1151001700,→ Nurturing No Contact,Closed Lost
21044801033,DVP Interactive,1151001700,→ Nurturing No Contact,Closed Lost
23865173816,Dentons,1151001700,→ Nurturing No Contact,No Calificado
12494349166,Capitalex,50005795,→ Nurturing No Contact,233748848 | Closed Lost
17956064546,Preserva Ltda.,1151001700,→ Nurturing No Contact,Closed Lost
19634781871,Houm,1151001700,→ Nurturing No Contact,Closed Lost
20160866193,powertraingroup.com,1151001700,→ Nurturing No Contact,Closed Lost
9827245172,Garces Fruit,1151001700,→ Nurturing No Contact,Closed Lost
9826957681,nestle,1151001700,→ Nurturing No Contact,Closed Lost
21111871801,K18 Hair Chile,1151001700,→ Nurturing No Contact,Closed Lost
10865986738,Justo,1151001700,→ Nurturing No Contact,Closed Lost
19633018233,Solarity,1151001700,→ Nurturing No Contact,Closed Lost
9826667830,geovita.cl,1151001700,→ Nurturing No Contact,Closed Lost
25806758234,Quimetal,1151001700,→ Nurturing No Contact,Closed Lost
20468180491,GEOLÓGICA,1151001700,→ Nurturing No Contact,Closed Lost
9827148566,Aerovias DAP,1151001700,→ Nurturing No Contact,Closed Lost
9392442958,TGS,1151001700,→ Nurturing No Contact,Closed Lost
10048370771,Asset AGF,1151001700,→ Nurturing No Contact,Closed Lost
9827148575,Salmones Austral,1151001700,→ Nurturing No Contact,Closed Lost | Closed Lost
38214918549,Cámara Franco Chilena para el Comercio y la Industria,1151001700,→ Nurturing No Contact,Closed Lost
20201715065,SOLUCORP,1151001700,→ Nurturing No Contact,Closed Lost
14919651393,Sitrans,1151001700,→ Nurturing No Contact,Closed Lost
27752823092,Laboratorio Sanderson,1151001700,→ Nurturing No Contact,Closed Lost
20201715274,VíasChile,1151001700,→ Nurturing No Contact,Closed Lost
20135995506,Rheem,1151001700,→ Nurturing No Contact,Closed Lost
34581124940,Moneteca,1151001700,→ Nurturing No Contact,No Calificado
20135189409,Grupo Lagos,1151001700,→ Nurturing No Contact,Closed Lost | Closed Lost
18726850942,Ausenco,1151001700,→ Nurturing No Contact,No Calificado
31116603492,Himmel,1151001700,→ Nurturing No Contact,Closed Lost
9826788953,Dole,1151001700,→ Nurturing No Contact,Closed Lost
9827263285,Coopeuch,50005795,→ Nurturing No Contact,Closed Lost | Closed Lost | 1035269638 | 233748848
32027391550,Reity,1151001700,→ Nurturing No Contact,No Calificado
9205672510,Sherpa,1151001700,→ Nurturing No Contact,Closed Lost
9336977699,PATACON,1151001700,→ Nurturing No Contact,Closed Lost
18194549139,Maestra Inmobiliaria,1151001700,→ Nurturing No Contact,Closed Lost | Closed Lost
23829054297,sagafalabella.com.pe,1151001700,→ Nurturing No Contact,Closed Lost
18194972449,Norte Verde,1151001700,→ Nurturing No Contact,Closed Lost
23851288160,ARSA GROUP,1151001700,→ Nurturing No Contact,Closed Lost
9826685962,Pares&Alvarez,1151001700,→ Nurturing No Contact,Closed Lost
21579645366,Cassis Café,1151001700,→ Nurturing No Contact,Closed Lost
17955966378,ALMAR ,1151001700,→ Nurturing No Contact,Closed Lost
16750641999,thewildbrand.com,1151001700,→ Nurturing No Contact,Closed Lost
10597169467,capitalmax.cl,1151001700,→ Nurturing No Contact,Closed Lost
38345444883,Kreston ATC Chile,1151001700,→ Nurturing No Contact,No Calificado
9826667782,Marine Farm,50005795,→ Nurturing No Contact,233748848 | Closed Lost
19069170329,Tricot,1151001700,→ Nurturing No Contact,Closed Lost | Closed Lost
18841216638,AZA Acero Sostenible,1151001700,→ Nurturing No Contact,Closed Lost
18642849793,Norteabierto,1151001700,→ Nurturing No Contact,Closed Lost
13519262080,Finameris,1151001700,→ Nurturing No Contact,Closed Lost
9826921777,Top Color,1151001700,→ Nurturing No Contact,Closed Lost
22659745674,Lakpa,1151001700,→ Nurturing No Contact,Closed Lost
9827148598,Sotraser S.A.,1151001700,→ Nurturing No Contact,Closed Lost | Closed Lost
29976114729,Inmobiliaria Metra,1151001700,→ Nurturing No Contact,Closed Lost
18128315650,motorleads.com.mx,1151001700,→ Nurturing No Contact,Closed Lost
30342249381,Jungheinrich Chile,1151001700,→ Nurturing No Contact,Closed Lost
18323093566,Mercai,1151001700,→ Nurturing No Contact,Closed Lost
26272171902,Nikola Chile,1151001700,→ Nurturing No Contact,No Calificado
28152899241,Morris & Opazo: AWS Data & Analytic LATAM,1151001700,→ Nurturing No Contact,Closed Lost
9250763045,Finvoice,1151001700,→ Nurturing No Contact,Closed Lost
9165725706,Fz Sports,1151001700,→ Nurturing No Contact,Closed Lost
20174692201,Vigaflow S.A.,1151001700,→ Nurturing No Contact,Closed Lost
17511166761,SQM,1151001700,→ Nurturing No Contact,Closed Lost | Closed Lost | Closed Lost | Closed Lost | Closed Lost
19728484952,Nublealimentos,1151001700,→ Nurturing No Contact,Closed Lost
21383481205,Urbano Chile,1151001700,→ Nurturing No Contact,Closed Lost
20201580289,Recupac,1151001700,→ Nurturing No Contact,Closed Lost
8975610478,CCU,1151001700,→ Nurturing No Contact,Closed Lost | Closed Lost
21542702934,Instituto Profesional IACC,1151001700,→ Nurturing No Contact,Closed Lost
28846673787,Hogar de Cristo,1151001700,→ Nurturing No Contact,Closed Lost
16804154264,ENEX,1151001700,→ Nurturing No Contact,Closed Lost | Closed Lost
23618007978,Crawford & Company,1151001700,→ Nurturing No Contact,Closed Lost
8940060290,Parque Arauco,1151001700,→ Nurturing No Contact,Closed Lost | Closed Lost | Closed Lost
9827072808,Anwo S A,1151001700,→ Nurturing No Contact,Closed Lost
29170131874,Forpay,1151001700,→ Nurturing No Contact,Closed Lost
29254755126,Forpay,1151001700,→ Nurturing No Contact,Closed Lost
19728455601,Red Interclinica ,1151001700,→ Nurturing No Contact,Closed Lost
18995336724,IMALAB S.A.,1151001700,→ Nurturing No Contact,Closed Lost | Closed Lost
17052056074,Banco Ripley,50005795,→ Nurturing No Contact,Closed Lost | 1035269638
10269649578,Banco de Chile,1151001700,→ Nurturing No Contact,Closed Lost | Closed Lost | Closed Lost | Closed Lost | Closed Lost
25158628702,Aminochem,1151001700,→ Nurturing No Contact,Closed Lost
37009566566,Servirent,1151001700,→ Nurturing No Contact,Closed Lost
19068571205,Empresas SB,1151001700,→ Nurturing No Contact,No Calificado
23439428656,IceStar Latam,1151001700,→ Nurturing No Contact,Closed Lost
9827216564,Duemint,1151001700,→ Nurturing No Contact,Closed Lost
18467894643,Metrogas Chile,1151001700,→ Nurturing No Contact,Closed Lost
19467890452,Cerámicas Cordillera,1151001700,→ Nurturing No Contact,Closed Lost
26491189144,Koywe,1151001700,→ Nurturing No Contact,Closed Lost
37479722286,Chantilly Decoración & Hogar,1151001700,→ Nurturing No Contact,No Calificado
9827101836,Bel-Ray Chile Ltda.,1151001700,→ Nurturing No Contact,Closed Lost
9827174017,Envases CMF S.A.,1151001700,→ Nurturing No Contact,Closed Lost
22163039659,Ferrero,1151001700,→ Nurturing No Contact,Closed Lost
9826928725,carozzi,1151001700,→ Nurturing No Contact,Closed Lost
9826729762,Puertos de Talcahuano,1151001700,→ Nurturing No Contact,No Calificado
10164479874,Betterfly,1151001700,→ Nurturing No Contact,Closed Lost | Closed Lost
19527676986,Fluitek Marco,1151001700,→ Nurturing No Contact,Closed Lost
20201628031,Albin Trotter Industrial Limitada,1151001700,→ Nurturing No Contact,Closed Lost
20135899255,Grupo Cerro,1151001700,→ Nurturing No Contact,Closed Lost | Closed Lost
22163019387,ANDRITZ,1151001700,→ Nurturing No Contact,Closed Lost
20274459190,Cintazul,1151001700,→ Nurturing No Contact,No Calificado
15059229963,Quest Capital Chile,1151001700,→ Nurturing No Contact,Closed Lost
31878503272,Construcciones Urales,1151001700,→ Nurturing No Contact,Closed Lost
19467709190,INTEGRAL (HEAVY DUTY S.A. / SOINSA Spa. / DRILLTECH Spa.),1151001700,→ Nurturing No Contact,Closed Lost
9364842559,RedCapital,1151001700,→ Nurturing No Contact,Closed Lost
9827140203,Schindler Group,1151001700,→ Nurturing No Contact,Closed Lost
22055176554,Grupo Hijuelas,1151001700,→ Nurturing No Contact,Closed Lost
17597312837,Cencosud Brasil,1151001700,→ Nurturing No Contact,Closed Lost
17598320918,cencosud.com.pe,1151001700,→ Nurturing No Contact,Closed Lost
17598332160,Cencosud S.A,1151001700,→ Nurturing No Contact,Closed Lost
20461642769,Sociedad Concesionaria Metropolitana de Salud S.A,1151001700,→ Nurturing No Contact,Closed Lost
30123480758,Factotal,1151001700,→ Nurturing No Contact,Closed Lost
16074307754,INNERGY,1151001700,→ Nurturing No Contact,Closed Lost
9827247187,Salfacorp,1151001700,→ Nurturing No Contact,Closed Lost
17823384222,DELPRO,1151001700,→ Nurturing No Contact,Closed Lost
9826738949,abal confecciones limitada,1151001700,→ Nurturing No Contact,Closed Lost
23414111273,NeoSecure by SEK,1151001700,→ Nurturing No Contact,Closed Lost
36424669557,SEK Security Ecosystem Knowledge,1151001700,→ Nurturing No Contact,Closed Lost
19253577898,Prodrilling S.A.,1151001700,→ Nurturing No Contact,Closed Lost
9827245189,Salmones Aysén S.A.,1151001700,→ Nurturing No Contact,Closed Lost
19254199599,JORPA INGENIERIA S.A.,1151001700,→ Nurturing No Contact,Closed Lost
31373874496,Empresa Portuaria Chacabuco,1151001700,→ Nurturing No Contact,Closed Lost
21542048408,Talana,1151001700,→ Nurturing No Contact,No Calificado
9035802465,Co-Work LatAm,1151001700,→ Nurturing No Contact,Closed Lost
31252578842,Anyenk,1151001700,→ Nurturing No Contact,No Calificado
15270625852,BredenMaster,1151001700,→ Nurturing No Contact,Closed Lost
18840357490,Diavaz Oficial,1151001700,→ Nurturing No Contact,Closed Lost
18839936900,Sociedad Punta de Lobos S.A.,1151001700,→ Nurturing No Contact,Closed Lost
30643057311,EMAT,1151001700,→ Nurturing No Contact,No Calificado
9827247195,tap.cl,1151001700,→ Nurturing No Contact,Closed Lost
19468205982,Prefabricados de Hormigón Grau S.A.,1151001700,→ Nurturing No Contact,Closed Lost
19527530358,Andean Management SpA,1151001700,→ Nurturing No Contact,No Calificado
21613894416,IGS Group Solution,1151001700,→ Nurturing No Contact,Closed Lost
8940060182,Softland,1151001700,→ Nurturing No Contact,Closed Lost | Closed Lost
15003137066,Sigma SA,1151001700,→ Nurturing No Contact,Closed Lost
18726958501,INACAP,1151001700,→ Nurturing No Contact,Closed Lost
18128769365,PGIC Ingeniería,1151001700,→ Nurturing No Contact,Closed Lost
9165725709,Kushki,1151001700,→ Nurturing No Contact,Closed Lost
19647494537,Nucleo Paisajismo SpA.,1151001700,→ Nurturing No Contact,Closed Lost
8981614365,FS Abogados,1151001700,→ Nurturing No Contact,Closed Lost
9165660076,Üin,1151001700,→ Nurturing No Contact,Closed Lost
14911013028,Avante FCP,1151001700,→ Nurturing No Contact,Closed Lost
20135905583,Plastigen  SpA,1151001700,→ Nurturing No Contact,Closed Lost
21705537282,OHLA,1151001700,→ Nurturing No Contact,Closed Lost
9826667816,Copeval ,1151001700,→ Nurturing No Contact,Closed Lost
37452815988,Toyota del Perú,1151001700,→ Nurturing No Contact,Closed Lost
16074124059,Cargo Rental Chile,1151001700,→ Nurturing No Contact,Closed Lost
17253906298,Kavak,1151001700,→ Nurturing No Contact,Closed Lost
10194069681,lemontech,1151001700,→ Nurturing No Contact,Closed Lost
9827245227,Yadran,1151001700,→ Nurturing No Contact,No Calificado
28290929742,Constructora Elisur,1151001700,→ Nurturing No Contact,Closed Lost
18943332776,Bidfood Chile,1151001700,→ Nurturing No Contact,Closed Lost
20909879654,Trex LA,1151001700,→ Nurturing No Contact,Closed Lost
10272613896,Walmart Chile,1151001700,→ Nurturing No Contact,Closed Lost | Closed Lost
18828191358,clip,1151001700,→ Nurturing No Contact,Closed Lost
25151315560,SHIMIN Ingeniería Spa,1151001700,→ Nurturing No Contact,No Calificado
9827127912,Opticas Schilling,1151001700,→ Nurturing No Contact,Closed Lost
18194562707,PAZ Corp,1151001700,→ Nurturing No Contact,Closed Lost
25452817422,Empresas Lourdes s a,1151001700,→ Nurturing No Contact,Closed Lost
31032361758,Andean Wide,1151001700,→ Nurturing No Contact,Closed Lost
12121796395,COFACE Chile,1151001700,→ Nurturing No Contact,Closed Lost | Closed Lost
9827174047,San Jose Farms,1151001700,→ Nurturing No Contact,Closed Lost
9826706092,bailacthor.com,1151001700,→ Nurturing No Contact,Closed Lost
31476539304,Social Learning,1151001700,→ Nurturing No Contact,Closed Lost
9826706101,The Grange School,1151001700,→ Nurturing No Contact,Closed Lost
9827247175,Alfacom Ingenieria Ltda.,1151001700,→ Nurturing No Contact,Closed Lost
20468408390,GOLD FIELDS,1151001700,→ Nurturing No Contact,No Calificado
18394931617,CGE S.A.,1151001700,→ Nurturing No Contact,Closed Lost
18997577133,The Wild Foods,1151001700,→ Nurturing No Contact,No Calificado
19633824916,MPM,1151001700,→ Nurturing No Contact,Closed Lost
21836169269,virbac.cl,1151001700,→ Nurturing No Contact,Closed Lost
9826926338,Chilean Rent A Car,1151001700,→ Nurturing No Contact,Closed Lost
22737182510,HDI Seguros Chile,1151001700,→ Nurturing No Contact,Closed Lost
25175563150,NCG Servicios,1151001700,→ Nurturing No Contact,Closed Lost | Closed Lost
16750496396,Portillo Sur,1151001700,→ Nurturing No Contact,No Calificado
22582457927,Serviphar Chile,1151001700,→ Nurturing No Contact,Closed Lost
9827140177,orizon,1151001700,→ Nurturing No Contact,Closed Lost
36350871410,"Fiordo Austral, S.A.",1151001700,→ Nurturing No Contact,Closed Lost
19527542365,OTIC SOFOFA Capital Humano,1151001700,→ Nurturing No Contact,Closed Lost
13369363606,HDI Seguros,1151001700,→ Nurturing No Contact,Closed Lost
17955984554,Resiter,50005795,→ Nurturing No Contact,Closed Lost | 1035269638
17250343487,Coseche,1151001700,→ Nurturing No Contact,Closed Lost
9166252377,Archfinance,1151001700,→ Nurturing No Contact,Closed Lost
15892453442,Arch,1151001700,→ Nurturing No Contact,Closed Lost
9827148586,AVLA,1151001700,→ Nurturing No Contact,Closed Lost
17250451039,Automotora Alameda,1151001700,→ Nurturing No Contact,Closed Lost
9827127909,Artel,1151001700,→ Nurturing No Contact,Closed Lost | Closed Lost
37089525610,Blascool,1151001700,→ Nurturing No Contact,No Calificado
18472944983,PROPAL,1151001700,→ Nurturing No Contact,Closed Lost
21580840580,VIA Wines,1151001700,→ Nurturing No Contact,No Calificado
33587267086,molino victoria sa,1151001700,→ Nurturing No Contact,No Calificado
8940059149,Fintual,1151001700,→ Nurturing No Contact,Closed Lost | Closed Lost
21733008264,SEIDOR Chile,1151001700,→ Nurturing No Contact,Closed Lost
35592640346,Bridge Ventures,1151001700,→ Nurturing No Contact,Closed Lost
17823380025,Inchalam,1151001700,→ Nurturing No Contact,Closed Lost | 233748848
22638908823,IPCHILE,1151001700,→ Nurturing No Contact,Closed Lost
36558211727,Alimentos schwencke,1151001700,→ Nurturing No Contact,No Calificado
18396229767,Compañía de Combustibles Cabal,1151001700,→ Nurturing No Contact,Closed Lost
20200206619,Lincoln International Academy,1151001700,→ Nurturing No Contact,Closed Lost
28630606425,SERFEX - Servicios Financieros Externos,1151001700,→ Nurturing No Contact,Closed Lost
9827216669,Ferrara,1151001700,→ Nurturing No Contact,Closed Lost
17239422229,redmc.com,1151001700,→ Nurturing No Contact,Closed Lost
20201675320,TRES60,1151001700,→ Nurturing No Contact,Closed Lost
16384783935,Altoazareo,1151001700,→ Nurturing No Contact,Closed Lost
21932050463,Capual - Cooperativa de Ahorro y Crédito Unión Aérea Ltda.,1151001700,→ Nurturing No Contact,Closed Lost
19253572099,Molyb,1151001700,→ Nurturing No Contact,No Calificado
23220901775,Coxabengoa,1151001700,→ Nurturing No Contact,Closed Lost
18841173325,S.C.M. Atacama Kozan,1151001700,→ Nurturing No Contact,No Calificado
9826738850,Walmart,1151001700,→ Nurturing No Contact,Closed Lost
10210915152,MACH,1151001700,→ Nurturing No Contact,Closed Lost | Closed Lost
29273374324,APTUS,1151001700,→ Nurturing No Contact,Closed Lost
10228667203,Watt's,1151001700,→ Nurturing No Contact,Closed Lost
20201675305,Fundación Teatro del Lago,1151001700,→ Nurturing No Contact,Closed Lost
19470121133,Americar,1151001700,→ Nurturing No Contact,Closed Lost | Closed Lost
11558551325,MAPFRE,1151001700,→ Nurturing No Contact,Closed Lost | Closed Lost
20201641595,C&L Fruit,1151001700,→ Nurturing No Contact,Closed Lost
9007015696,Lysto,1151001700,→ Nurturing No Contact,Closed Lost | Closed Lost
19473108257,Grupo Valdivieso,1151001700,→ Nurturing No Contact,Closed Lost
19086180515,Aguas Nuevas,1151001700,→ Nurturing No Contact,Closed Lost | Closed Lost
13369578336,Codelco,1151001700,→ Nurturing No Contact,Closed Lost | Closed Lost | Closed Lost
15650628763,globalpay.com,1151001700,→ Nurturing No Contact,Closed Lost | Closed Lost
29469705861,Cruzados/Universidad Católica,1151001700,→ Nurturing No Contact,Closed Lost
20460339608,Grupo ORSAN,1151001700,→ Nurturing No Contact,Closed Lost
18395400471,Atria Chile,1151001700,→ Nurturing No Contact,Closed Lost
9314576159,Maxxa,1151001700,→ Nurturing No Contact,Closed Lost
18726990187,Clínica Las Condes,1151001700,→ Nurturing No Contact,Closed Lost
8949515816,Banpro Factoring Chile,1151001700,→ Nurturing No Contact,Closed Lost | Closed Lost
19634097709,Saint-Gobain,1151001700,→ Nurturing No Contact,Closed Lost
13813141272,Banco Security,1151001700,→ Nurturing No Contact,Closed Lost
14918781782,Aconcagua Foods,1151001700,→ Nurturing No Contact,Closed Lost
35582169155,TMP Terminales Marítimos de la Patagonia S.A.,1151001700,→ Nurturing No Contact,No Calificado
19728362527,Centro Médico del Trabajador,1151001700,→ Nurturing No Contact,Closed Lost
20468088633,Abbott,1151001700,→ Nurturing No Contact,Closed Lost
14929490560,EBCO,1151001700,→ Nurturing No Contact,Closed Lost
10191477796,Capital Advisors Chile,1151001700,→ Nurturing No Contact,Closed Lost
17328746274,CMPC,1151001700,→ Nurturing No Contact,Closed Lost
17328800780,Empresas CMPC SA,1151001700,→ Nurturing No Contact,Closed Lost
17328806518,Empresas CMPC SA,1151001700,→ Nurturing No Contact,Closed Lost
9827092369,Casaideas,1151001700,→ Nurturing No Contact,Closed Lost
18642838661,Creizer,1151001700,→ Nurturing No Contact,Closed Lost
17483603521,Rendalo Maq,1151001700,→ Nurturing No Contact,Closed Lost
40245174877,Forestal O'Higgins,1151001700,→ Nurturing No Contact,Closed Lost
23548670013,Kovacs,1151001700,→ Nurturing No Contact,Closed Lost
9827101850,SMB Factoring,1151001700,→ Nurturing No Contact,Closed Lost
31966848791,JX Advanced Metals Corporation,1151001700,→ Nurturing No Contact,Closed Lost
21204623983,Equans,1151001700,→ Nurturing No Contact,Closed Lost
9169725826,Gregario,1151001700,→ Nurturing No Contact,Closed Lost
36902440322,XMAYOR,1151001700,→ Nurturing No Contact,No Calificado
14870716000,La Araucana CCAF,1151001700,→ Nurturing No Contact,Closed Lost
9826919317,Viña El Principal,1151001700,→ Nurturing No Contact,Closed Lost
18396246567,RELIABLE ENERGY ING. LTDA.,1151001700,→ Nurturing No Contact,Closed Lost
32398729346,MyMA - Minería y Medio Ambiente,1151001700,→ Nurturing No Contact,Closed Lost
17483603546,Otif,1151001700,→ Nurturing No Contact,Closed Lost
17511191175,CASTAÑO,1151001700,→ Nurturing No Contact,Closed Lost
15149000217,Esmax,1151001700,→ Nurturing No Contact,Closed Lost
17712165162,MDIGITAL,1151001700,→ Nurturing No Contact,Closed Lost
22479422761,Edenred,1151001700,→ Nurturing No Contact,Closed Lost
31416990725,Empresa Portuaria Antofagasta,1151001700,→ Nurturing No Contact,No Calificado
9105644805,Chipax,1151001700,→ Nurturing No Contact,Closed Lost | Closed Lost | Closed Lost
15669203025,Boutic,1151001700,→ Nurturing No Contact,Closed Lost
29001842954,Las Salinas,1151001700,→ Nurturing No Contact,Closed Lost
19253661958,Promasa S.A,1151001700,→ Nurturing No Contact,Closed Lost
15981093662,DLL,1151001700,→ Nurturing No Contact,Closed Lost
15832267296,Voul tech,1151001700,→ Nurturing No Contact,Closed Lost
17328672116,Agrícola San José,1151001700,→ Nurturing No Contact,No Calificado
22071014580,Securitas Chile,1151001700,→ Nurturing No Contact,Closed Lost | Closed Lost
22071866774,Securitas Chile,1151001700,→ Nurturing No Contact,Closed Lost
8940361817,VSPT Wine Group,1151001700,→ Nurturing No Contact,Closed Lost
22163937950,Universidad San Sebastián,1151001700,→ Nurturing No Contact,Closed Lost
30207849233,Cecinas Llanquihue,1151001700,→ Nurturing No Contact,Closed Lost
33427982855,Cementa,1151001700,→ Nurturing No Contact,Closed Lost
16074313985,B2B Rental,1151001700,→ Nurturing No Contact,Closed Lost
8952843446,Mercantil Factoring S.A.,1151001700,→ Nurturing No Contact,Closed Lost
18997206051,Inewen,1151001700,→ Nurturing No Contact,Closed Lost
22108375358,Blue Home,1151001700,→ Nurturing No Contact,Closed Lost
9827165494,ACMA®,1151001700,→ Nurturing No Contact,Closed Lost
20135982431,FDA Ingenieros,1151001700,→ Nurturing No Contact,Closed Lost
31012477304,HYBRICO,1151001700,→ Nurturing No Contact,Closed Lost
16057475171,Ocarrol rent a car,1151001700,→ Nurturing No Contact,Closed Lost
14813103464,Todo Factoring,1151001700,→ Nurturing No Contact,Closed Lost
18128561045,VECCHIOLA S.A.,1151001700,→ Nurturing No Contact,Closed Lost
9826756434,Droguería Hofmann,1151001700,→ Nurturing No Contact,No Calificado | Closed Lost
10583900458,Agrosuper,1151001700,→ Nurturing No Contact,Closed Lost | Closed Lost | Closed Lost
18465543175,Zurich-Santander,1151001700,→ Nurturing No Contact,Closed Lost | Closed Lost
20201681264,Fundación Educacional Escondida,1151001700,→ Nurturing No Contact,Closed Lost
19468294006,Plaenge Chile,1151001700,→ Nurturing No Contact,Closed Lost
22184416676,IESA,1151001700,→ Nurturing No Contact,Closed Lost
17749901841,Aguas Andinas,50005795,→ Nurturing No Contact,1035269638 | Closed Lost
15318282623,Cleo,1151001700,→ Nurturing No Contact,No Calificado | Closed Lost
22108344889,Puente Financiero,1151001700,→ Nurturing No Contact,Closed Lost
39133978118,Atom Chile,1151001700,→ Nurturing No Contact,No Calificado
9826815752,Minera Las Cenizas S.A.,50005795,→ Nurturing No Contact,233748848 | Closed Lost
20461591672,ODATA - An Aligned Data Centers Company,1151001700,→ Nurturing No Contact,Closed Lost | Closed Lost
40319548200,Grupo Empack,1151001700,→ Nurturing No Contact,Closed Lost
20460155451,COHLERS+PARTNERS,1151001700,→ Nurturing No Contact,Closed Lost
20956656916,NUVO MSP,1151001700,→ Nurturing No Contact,Closed Lost
9827197327,Bodegas San Francisco,1151001700,→ Nurturing No Contact,Closed Lost
9240844657,Falabella Retail S.A.,1151001700,→ Nurturing No Contact,Closed Lost
9438723491,Radar,1151001700,→ Nurturing No Contact,Closed Lost
17700105571,Bata Corporation,1151001700,→ Nurturing No Contact,Closed Lost
17712367960,Atrato,1151001700,→ Nurturing No Contact,Closed Lost
19635631120,Sporabiotech,1151001700,→ Nurturing No Contact,Closed Lost
20824681368,Crystal Lagoons,1151001700,→ Nurturing No Contact,Closed Lost
20135966055,SOLEK HOLDING CHILE,1151001700,→ Nurturing No Contact,Closed Lost | Closed Lost
20464501653,Banco Bilbao Vizcaya Argentaria Sa,1151001700,→ Nurturing No Contact,Closed Lost
19069152554,Inmobiliaria Manquehue,1151001700,→ Nurturing No Contact,Closed Lost
15455371528,Coface,1151001700,→ Nurturing No Contact,Closed Lost
16082267650,CLAVE - Plataformas Tecnológicas para la Industria Aseguradora,1151001700,→ Nurturing No Contact,Closed Lost
20135955722,Global Frozen,1151001700,→ Nurturing No Contact,Closed Lost
18927037273,Fidi,1151001700,→ Nurturing No Contact,Closed Lost
51025225748,Kaudat,1151001700,→ Nurturing No Contact,Closed Lost
21362051731,Jedimar,1151001700,→ Nurturing No Contact,Closed Lost
19274343312,Diamantino LTDA,1151001700,→ Nurturing No Contact,Closed Lost
18195066395,Grupo Patio,1151001700,→ Nurturing No Contact,Closed Lost | Closed Lost
31134302334,PositronMed,1151001700,→ Nurturing No Contact,No Calificado
30625122566,Holding Servilinares,1151001700,→ Nurturing No Contact,Closed Lost
21577420153,European Southern Observatory,1151001700,→ Nurturing No Contact,Closed Lost
9166733939,Compass Group,1151001700,→ Nurturing No Contact,Closed Lost
18195030304,Grupo Marina,1151001700,→ Nurturing No Contact,Closed Lost
18735382137,Ideacom,1151001700,→ Nurturing No Contact,Closed Lost
16056713820,Klug Renting,1151001700,→ Nurturing No Contact,Closed Lost
21823910668,Master Drilling ,1151001700,→ Nurturing No Contact,Closed Lost
20446187671,aramark,1151001700,→ Nurturing No Contact,Closed Lost
18476907822,Global Depot,1151001700,→ Nurturing No Contact,Closed Lost
9826788958,Eaton Corporation,1151001700,→ Nurturing No Contact,Closed Lost
17823284818,CyD Ingeniería,1151001700,→ Nurturing No Contact,No Calificado
18992770958,Empresas Ariztía,1151001700,→ Nurturing No Contact,Closed Lost
32974700423,Viñedos Veramonte,1151001700,→ Nurturing No Contact,Closed Lost
30119786934,Omya,1151001700,→ Nurturing No Contact,Closed Lost
15598385839,Evo Payments,1151001700,→ Nurturing No Contact,Closed Lost
15658236246,Bci pagos,1151001700,→ Nurturing No Contact,Closed Lost
20201445976,Novofarma Service S.A.,1151001700,→ Nurturing No Contact,Closed Lost
9826926341,Caleta Bay,1151001700,→ Nurturing No Contact,Closed Lost
23416558887,Urzúa Abogados,1151001700,→ Nurturing No Contact,Closed Lost
22479387677,FYNSA,1151001700,→ Nurturing No Contact,Closed Lost
20461734221,BDO Chile,1151001700,→ Nurturing No Contact,Closed Lost
22370338612,Porsche Volkswagen Servicios Financieros Chile SpA,1151001700,→ Nurturing No Contact,Closed Lost
20825260077,PPI - Precision Pulley & Idler,1151001700,→ Nurturing No Contact,Closed Lost
9144291964,Brevity,1151001700,→ Nurturing No Contact,Closed Lost
19252330416,Grupo Avanza,1151001700,→ Nurturing No Contact,Closed Lost
9826815763,Toralla S.A.,1151001700,→ Nurturing No Contact,No Calificado
18997551423,ICB Food Service,1151001700,→ Nurturing No Contact,Closed Lost
18829305775,RedSalud CCHC,50005795,→ Nurturing No Contact,Closed Lost | 1035269638
10528607339,Simplee Seguros,1151001700,→ Nurturing No Contact,Closed Lost
30666433115,DSV,1151001700,→ Nurturing No Contact,Closed Lost
9826926227,MetLife,1151001700,→ Nurturing No Contact,Closed Lost
18399514943,rentadep.cl,1151001700,→ Nurturing No Contact,Closed Lost
31798344961,Aluar,1151001700,→ Nurturing No Contact,No Calificado
21110765164,ACF - Baquedano,1151001700,→ Nurturing No Contact,Closed Lost
17598215055,ASMAR,1151001700,→ Nurturing No Contact,Closed Lost
29469705862,Kyklos Chile,1151001700,→ Nurturing No Contact,No Calificado
20446437450,BICE VIDA,1151001700,→ Nurturing No Contact,Closed Lost
9826738960,Unifrutti Traders Ltda.,1151001700,→ Nurturing No Contact,Closed Lost
20175897271,Curifor S.A.,1151001700,→ Nurturing No Contact,Closed Lost
34987771209,Baaskit,1151001700,→ Nurturing No Contact,Closed Lost
9826706088,Passol,1151001700,→ Nurturing No Contact,Closed Lost
18128576392,termomin.cl,1151001700,→ Nurturing No Contact,Closed Lost
21361393064,Balflex Chile,1151001700,→ Nurturing No Contact,Closed Lost
21383033637,Diego Portales University,1151001700,→ Nurturing No Contact,Closed Lost
20445712500,Warner Bros. Discovery,1151001700,→ Nurturing No Contact,No Calificado
37942194857,Novaclima,1151001700,→ Nurturing No Contact,Closed Lost
19074251128,CIC,1151001700,→ Nurturing No Contact,Closed Lost
25070265346,soenco.cl,1151001700,→ Nurturing No Contact,Closed Lost
22108457781,SimpliRoute,1151001700,→ Nurturing No Contact,Closed Lost
17955777148,Multitecnica - Royal Rental,1151001700,→ Nurturing No Contact,Closed Lost
19728360018,Biodiversa,1151001700,→ Nurturing No Contact,Closed Lost
23220901776,REMIEX,1151001700,→ Nurturing No Contact,No Calificado
21542721137,Bioquimica.cl S.A.,1151001700,→ Nurturing No Contact,Closed Lost
21359203477,Le Pascui,1151001700,→ Nurturing No Contact,Closed Lost
35904332367,INEXLINK Inventory Exchange Spa,1151001700,→ Nurturing No Contact,No Calificado
20201451432,Cramer,1151001700,→ Nurturing No Contact,Closed Lost
19602857093,Productos Pulmahue SpA,1151001700,→ Nurturing No Contact,Closed Lost
14915868966,Aramark,1151001700,→ Nurturing No Contact,Closed Lost
10344390400,Sodimac,1151001700,→ Nurturing No Contact,Closed Lost
19604078679,Acalis Latam,1151001700,→ Nurturing No Contact,Closed Lost
9827245221,Engie,1151001700,→ Nurturing No Contact,Closed Lost | Closed Lost
19897497470,Brightcell Logistics,1151001700,→ Nurturing No Contact,Closed Lost
22726126627,FASTCO,1151001700,→ Nurturing No Contact,No Calificado
33405962285,Preteco,1151001700,→ Nurturing No Contact,No Calificado
18030428442,BH Studios,1151001700,→ Nurturing No Contact,Closed Lost
16795117175,BE Live Entertainment Group,1151001700,→ Nurturing No Contact,Closed Lost
21576962094,Mutual de Seguros de Chile,1151001700,→ Nurturing No Contact,Closed Lost
18600247888,Rio,1151001700,→ Nurturing No Contact,Closed Lost
19069240375,Tecnopapel,1151001700,→ Nurturing No Contact,Closed Lost
23817642782,Naviera Frasal,1151001700,→ Nurturing No Contact,Closed Lost
20468082873,OHLA Group,1151001700,→ Nurturing No Contact,Closed Lost
28184462908,Sento Inmobiliaria,1151001700,→ Nurturing No Contact,No Calificado
31799617625,Transdev,1151001700,→ Nurturing No Contact,Closed Lost
9827258204,Empresas Agrotop,1151001700,→ Nurturing No Contact,Closed Lost
17655451003,Marina Del Sol,1151001700,→ Nurturing No Contact,Closed Lost
29777857554,Inmobiliaria Elqui,1151001700,→ Nurturing No Contact,Closed Lost
32398729344,ZeroQ,1151001700,→ Nurturing No Contact,Closed Lost
22725553069,Lotería de Concepción,1151001700,→ Nurturing No Contact,Closed Lost
18841225823,AES Andes,1151001700,→ Nurturing No Contact,Closed Lost
8940018506,"Uber Technologies, Inc.",1151001700,→ Nurturing No Contact,Closed Lost
22145148702,Cooperativa de Ahorro y Crédito Ahorrocoop Ltda,1151001700,→ Nurturing No Contact,Closed Lost
21975908660,Corfo,1151001700,→ Nurturing No Contact,Closed Lost
22599011180,Cmpc Celulosa,1151001700,→ Nurturing No Contact,Closed Lost
9826729768,hoffens.com,1151001700,→ Nurturing No Contact,Closed Lost
20201451528,IKA Industrial,1151001700,→ Nurturing No Contact,Closed Lost
19252294176,Compañía Minera San Gerónimo,1151001700,→ Nurturing No Contact,Closed Lost
32377980595,RSM cl,1151001700,→ Nurturing No Contact,No Calificado
17955766593,ENGIE Chile,1151001700,→ Nurturing No Contact,Closed Lost
37020564785,Passline,1151001700,→ Nurturing No Contact,No Calificado
19652425743,Equitas Capital,1151001700,→ Nurturing No Contact,Closed Lost
15844994849,Larrain Vial,1151001700,→ Nurturing No Contact,Closed Lost
10271992383,UC CHRISTUS,1151001700,→ Nurturing No Contact,Closed Lost
20174488231,Orion Power,1151001700,→ Nurturing No Contact,Closed Lost
9827072777,Econorent Car Rental,1151001700,→ Nurturing No Contact,Closed Lost
23706797883,Voultech,1151001700,→ Nurturing No Contact,Closed Lost
18394953843,Enel Chile,1151001700,→ Nurturing No Contact,Closed Lost
18992768390,Enel Chile,1151001700,→ Nurturing No Contact,Closed Lost
18844229760,Mas Errázuriz,50005795,→ Nurturing No Contact,233748848 | Closed Lost
21361518632,hansameyer-cl.com,1151001700,→ Nurturing No Contact,Closed Lost
15765700378,Servicios Financieros NewCapital,1151001700,→ Nurturing No Contact,Closed Lost
9826923824,BANAGRO,1151001700,→ Nurturing No Contact,Closed Lost
22530250899,Ultraport,1151001700,→ Nurturing No Contact,Closed Lost
18992677523,Oxiquim,1151001700,→ Nurturing No Contact,Closed Lost
19073740556,Hualpén,50005795,→ Nurturing No Contact,Closed Lost | 1035269638
9826957728,R&Q Ingeniería,1151001700,→ Nurturing No Contact,Closed Lost
18195025781,Parques de Chile,1151001700,→ Nurturing No Contact,Closed Lost
15583913225,ARVAL RELSA,1151001700,→ Nurturing No Contact,Closed Lost
22656151715,Inmobiliaria Salfa Austral,1151001700,→ Nurturing No Contact,Closed Lost
19074237010,Compañía Papelera Pacífico,1151001700,→ Nurturing No Contact,Closed Lost
27225371577,IM2 Solar Chile,1151001700,→ Nurturing No Contact,Closed Lost
18726922423,Mowi,1151001700,→ Nurturing No Contact,Closed Lost
21359660135,Nexus Logistics,1151001700,→ Nurturing No Contact,Closed Lost
21355785795,Metaservice Ltda.,1151001700,→ Nurturing No Contact,Closed Lost
17091065139,"Marshall, Rodriguez y Cia",1151001700,→ Nurturing No Contact,Closed Lost
18997708472,Entrevientos S.A.,1151001700,→ Nurturing No Contact,Closed Lost
36938232847,Rental Patagonia,1151001700,→ Nurturing No Contact,Closed Lost
16804087953,Automotores Gildemeister SpA,1151001700,→ Nurturing No Contact,Closed Lost
9166272593,Buk,1151001700,→ Nurturing No Contact,Closed Lost
17955976813,Lureye,1151001700,→ Nurturing No Contact,No Calificado
21383639719,MEDINORT S.A,1151001700,→ Nurturing No Contact,Closed Lost
19273444478,Enlasa Generación,1151001700,→ Nurturing No Contact,Closed Lost
9827072804,Valtek,50005795,→ Nurturing No Contact,Closed Lost | 233748848
19073740891,Flux Solar ☀️,50005795,→ Nurturing No Contact,Closed Lost | 233748848
38799546276,Quesos Don Jaime ,1151001700,→ Nurturing No Contact,Closed Lost
13534120617,Southbridge Insurance Company,1151001700,→ Nurturing No Contact,Closed Lost
27289727927,Inmobiliaria Losiram,1151001700,→ Nurturing No Contact,No Calificado
10324351322,Liberty Seguros Chile,1151001700,→ Nurturing No Contact,Closed Lost
9826630548,Metro de Santiago S.A.,opportunity,excluida (protegida),Closed Lost
14928999207,Financia Capital,52560399,excluida (protegida),Closed Lost
9166240053,Telefonica,50020179,excluida (protegida),Closed Lost
9826685973,STI,opportunity,excluida (protegida),Closed Lost
14928520622,EMIN,50020179,excluida (protegida),Closed Lost
20135909296,EDF Renewables Chile,52560399,excluida (protegida),Closed Lost
21704838214,Grenergy Renovables,opportunity,excluida (protegida),Closed Lost
15329707355,Factoring Security,opportunity,excluida (protegida),Closed Lost
19252082860,Puerto Angamos,opportunity,excluida (protegida),Closed Lost
9178793362,COPEC,opportunity,excluida (protegida),Closed Lost
8940016777,Xepelin,52531545,excluida (protegida),Closed Lost
18992224028,ESVAL S.A.,52560399,excluida (protegida),Closed Lost
10231162917,CIAL Alimentos S.A.,52560399,excluida (protegida),Closed Lost
17955787933,Ambipar Response Ltd,opportunity,excluida (protegida),Closed Lost
19416937322,Ambipar Enviroment,opportunity,excluida (protegida),Closed Lost
10246918804,Banco Bci,52560399,excluida (protegida),Closed Lost
15001223013,Promet,opportunity,excluida (protegida),Closed Lost
9827122214,MercadoLibre,opportunity,excluida (protegida),Closed Lost
9826815666,Gasco,52560399,excluida (protegida),Closed Lost
9827092481,Coca Cola Andina,opportunity,excluida (protegida),Closed Lost
10272700574,ABASTIBLE S.A.,52560399,excluida (protegida),Closed Lost
9905793653,Salfa,opportunity,excluida (protegida),Closed Lost
18771326726,Universidad de Las Américas (CL),52560399,excluida (protegida),Closed Lost
15718995324,MoonK,52560399,excluida (protegida),Closed Lost
34069178549,Avis Budget Chile,50020179,excluida (protegida),Closed Lost
9176892958,Transbank,opportunity,excluida (protegida),Closed Lost
8939964222,Empresas Copec,opportunity,excluida (protegida),Closed Lost
19252314247,Axinntus,opportunity,excluida (protegida),Closed Lost
17700012415,Softys,opportunity,excluida (protegida),Closed Lost
16999114314,"CBRE Group, Inc.",50020179,excluida (protegida),Closed Lost
17654678602,Nova Austral,opportunity,excluida (protegida),Closed Lost
18992659765,Chilquinta Energía S.A.,opportunity,excluida (protegida),Closed Lost
8941378194,Haulmer Inc,50020179,excluida (protegida),Closed Lost
19253551927,Bravo Izquierdo,50020179,excluida (protegida),Closed Lost
17511252894,Entel,52560399,excluida (protegida),Closed Lost
20201519956,Itf-Labomed Farmacéutica ,opportunity,excluida (protegida),Closed Lost
13524502381,Mutual de Seguridad,opportunity,excluida (protegida),Closed Lost
8940505716,Grupo Falabella,50020179,excluida (protegida),Closed Lost
9826788978,Küpfer Chile,opportunity,excluida (protegida),Closed Lost
9029094801,Tanner,opportunity,excluida (protegida),Closed Lost
9232492724,Flow,opportunity,excluida (protegida),Closed Lost
30227355764,AbastibleTec,opportunity,excluida (protegida),Closed Lost
18992799147,Megalogística,52560399,excluida (protegida),Closed Lost
25676252485,Adquim,opportunity,excluida (protegida),Closed Lost
20135924994,Maihue®,opportunity,excluida (protegida),Closed Lost
17700155140,Cristalerías de Chile,52531545,excluida (protegida),Closed Lost
19252285450,Empresas Coipsa,opportunity,excluida (protegida),Closed Lost
9826921741,Banco Consorcio,50020179,excluida (protegida),Closed Lost
18841283959,Empresas Carozzi ,opportunity,excluida (protegida),Closed Lost
8952840480,MallPlaza,50020179,excluida (protegida),Closed Lost
17081566305,AFP Capital,opportunity,excluida (protegida),Closed Lost
18394517803,GNL Quintero S.A.,opportunity,excluida (protegida),Closed Lost
9827127923,Masisa,52560399,excluida (protegida),Closed Lost
9980527898,Santander,50020179,excluida (protegida),Closed Lost
9827260797,Essbio,52531545,excluida (protegida),Closed Lost
14921008917,Cermaq,opportunity,excluida (protegida),Closed Lost
9826815652,Enaex,52560399,excluida (protegida),Closed Lost
15450622305,Locales Conectados,50020179,excluida (protegida),Closed Lost
19166675063,Nuevo Pudahuel,52531545,excluida (protegida),Closed Lost
8940016656,SumUp,50020179,excluida (protegida),Closed Lost
9729486504,Toku,52560399,excluida (protegida),Closed Lost
9826630522,Coexca,opportunity,excluida (protegida),Closed Lost
10627125166,Universidad Andrés Bello,opportunity,excluida (protegida),Closed Lost
9827247155,Primus Capital Chile,opportunity,excluida (protegida),Closed Lost
22162802316,Orica,opportunity,excluida (protegida),Closed Lost
8952843650,Tenpo,50020179,excluida (protegida),Closed Lost
10211832670,Soprole,52560399,excluida (protegida),Closed Lost
17822255962,Tecnored,opportunity,excluida (protegida),Closed Lost
18182927975,CChC (cámara chilena de la construcción) ,52560399,excluida (protegida),Closed Lost
50593130803,Coordinador Eléctrico Nacional,52560399,excluida (protegida),Closed Lost
21492885563,"Depósito Central de Valores, Chile",opportunity,excluida (protegida),Closed Lost
9827072692,Duoc UC,opportunity,excluida (protegida),Closed Lost
20461652070,Teck Resources Limited,52531545,excluida (protegida),Closed Lost
20446159495,Teletón,opportunity,excluida (protegida),Closed Lost
17823308464,Ingenieria Civil Vicente,opportunity,excluida (protegida),Closed Lost
9827113339,Sonda,50020179,excluida (protegida),Closed Lost
19633472260,OTIC - Cámara Chilena de la Construcción,opportunity,excluida (protegida),Closed Lost
9316793215,Fintoc,50020179,excluida (protegida),Closed Lost
14756191916,Latam Trade Capital,52560399,excluida (protegida),Closed Lost
9827127914,CMPC,opportunity,excluida (protegida),Closed Lost
9826919308,Tecno Fast,52560399,excluida (protegida),Closed Lost
